{"cameraMode":{"drawMode":0,"name":"Shaded","section":"Shading Mode"},"sceneLighting":true,"audioPlay":false,"sceneViewState":{"m_AlwaysRefresh":false,"showFog":true,"showSkybox":true,"showFlares":true,"showImageEffects":true,"showParticleSystems":true,"showVisualEffectGraphs":true,"m_FxEnabled":true},"in2DMode":false,"pivot":{"x":-0.432856947183609,"y":0.3542546331882477,"z":-3.6107351779937746},"rotation":{"x":0.07109386473894119,"y":-0.907532811164856,"z":0.15701735019683839,"w":0.38860365748405459},"size":1.4641869068145753,"orthographic":false}