{"cameraMode":{"drawMode":0,"name":"Shaded","section":"Shading Mode"},"sceneLighting":true,"audioPlay":false,"sceneViewState":{"m_AlwaysRefresh":false,"showFog":true,"showSkybox":true,"showFlares":true,"showImageEffects":true,"showParticleSystems":true,"showVisualEffectGraphs":true,"m_FxEnabled":true},"in2DMode":false,"pivot":{"x":-1.744645118713379,"y":0.4079256057739258,"z":0.6967664361000061},"rotation":{"x":0.00029178577824495733,"y":-0.9916369318962097,"z":0.1304592490196228,"w":-0.0024044266901910307},"size":3.3812811374664308,"orthographic":false}